{
	"info": {
		"_postman_id": "1fe10aa4-e15a-4929-b421-7a405c995fa1",
		"name": "LAPORAN_Aljuni",
		"schema": "https://schema.getpostman.com/json/collection/v2.1.0/collection.json"
	},
	"item": [
		{
			"name": "Cara Bayar",
			"request": {
				"method": "GET",
				"header": [
					{
						"key": "x-token",
						"value": "eyJ0eXAiOiJKV1QiLCJhbGciOiJIUzI1NiJ9.eyJuYW1lIjoiTkFNQSAyIiwiaWRfdXNlciI6IjM3MzY4MSIsInJtX251bWJlciI6ImFkbWluIiwicnNfa2V5IjoiQTEyMyIsImlwX2FkZHJlc3MiOiIxMjcuMC4xLjEiLCJhY2Nlc3MiOiJ1c2VyIn0.ubW6fyc7ErYOW2T5qFbjXvLIVTLp05s3A0paQ6wfcmo",
						"type": "text"
					}
				],
				"url": {
					"raw": "http://localhost/ci_aljuni/server/laporan_860?jenis_periode=0&periode_start=2020-05-23&periode_end=2020-05-30",
					"protocol": "http",
					"host": [
						"localhost"
					],
					"path": [
						"ci_aljuni",
						"server",
						"laporan_860"
					],
					"query": [
						{
							"key": "jenis_periode",
							"value": "0"
						},
						{
							"key": "periode_start",
							"value": "2020-05-23"
						},
						{
							"key": "periode_end",
							"value": "2020-05-30"
						}
					]
				}
			},
			"response": [
				{
					"name": "Cara Bayar",
					"originalRequest": {
						"method": "GET",
						"header": [
							{
								"key": "x-token",
								"value": "eyJ0eXAiOiJKV1QiLCJhbGciOiJIUzI1NiJ9.eyJuYW1lIjoiTkFNQSAyIiwiaWRfdXNlciI6IjM3MzY4MSIsInJtX251bWJlciI6ImFkbWluIiwicnNfa2V5IjoiQTEyMyIsImlwX2FkZHJlc3MiOiIxMjcuMC4xLjEiLCJhY2Nlc3MiOiJ1c2VyIn0.ubW6fyc7ErYOW2T5qFbjXvLIVTLp05s3A0paQ6wfcmo",
								"type": "text"
							}
						],
						"url": {
							"raw": "http://localhost/ci_aljuni/server/laporan_860?jenis_periode=0&periode_start=2020-05-23&periode_end=2020-05-30",
							"protocol": "http",
							"host": [
								"localhost"
							],
							"path": [
								"ci_aljuni",
								"server",
								"laporan_860"
							],
							"query": [
								{
									"key": "jenis_periode",
									"value": "0"
								},
								{
									"key": "periode_start",
									"value": "2020-05-23"
								},
								{
									"key": "periode_end",
									"value": "2020-05-30"
								}
							]
						}
					},
					"status": "OK",
					"code": 200,
					"_postman_previewlanguage": "json",
					"header": [
						{
							"key": "Date",
							"value": "Sun, 14 Jun 2020 17:49:20 GMT"
						},
						{
							"key": "Server",
							"value": "Apache/2.4.43 (Win64) OpenSSL/1.1.1g PHP/7.3.17"
						},
						{
							"key": "X-Powered-By",
							"value": "PHP/7.3.17"
						},
						{
							"key": "Access-Control-Allow-Origin",
							"value": "*"
						},
						{
							"key": "Access-Control-Allow-Headers",
							"value": "Content-Type, Content-Length, Accept-Encoding, x-token"
						},
						{
							"key": "Access-Control-Allow-Methods",
							"value": "GET, POST, OPTIONS, PUT, DELETE"
						},
						{
							"key": "Content-Length",
							"value": "607"
						},
						{
							"key": "Keep-Alive",
							"value": "timeout=5, max=100"
						},
						{
							"key": "Connection",
							"value": "Keep-Alive"
						},
						{
							"key": "Content-Type",
							"value": "application/json; charset=utf-8"
						}
					],
					"cookie": [],
					"body": "{\n    \"status\": 200,\n    \"message\": \"Berhasil mendapatkan data.\",\n    \"total_data\": {\n        \"record_visit\": 201,\n        \"record_regis\": 7\n    },\n    \"data\": {\n        \"PASIEN BAYAR\": {\n            \"rawat_jalan\": 36,\n            \"id_ref_payment\": \"1\",\n            \"lab\": 5,\n            \"radiologi\": 1,\n            \"lain_lain\": 1,\n            \"ugd\": 6,\n            \"rawat_inap\": 2\n        },\n        \"BPJS (JKN)\": {\n            \"rawat_jalan\": 40,\n            \"id_ref_payment\": \"3\",\n            \"ugd\": 18,\n            \"lain_lain\": 4,\n            \"lab\": 6,\n            \"radiologi\": 6,\n            \"rawat_inap\": 2\n        },\n        \"Jasa Raharja\": {\n            \"rawat_jalan\": 28,\n            \"id_ref_payment\": \"4\",\n            \"lab\": 4,\n            \"radiologi\": 3,\n            \"lain_lain\": 6,\n            \"ugd\": 14,\n            \"rawat_inap\": 1\n        },\n        \"JAMKESDA\": {\n            \"rawat_jalan\": 13,\n            \"id_ref_payment\": \"5\",\n            \"lab\": 2,\n            \"radiologi\": 2,\n            \"ugd\": 4,\n            \"lain_lain\": 2,\n            \"rawat_inap\": 1\n        },\n        \"\": {\n            \"rawat_inap\": 1,\n            \"id_ref_payment\": \"18\"\n        }\n    }\n}"
				}
			]
		},
		{
			"name": "Laporan Biaya Admin",
			"request": {
				"method": "GET",
				"header": [
					{
						"key": "x-token",
						"value": "eyJ0eXAiOiJKV1QiLCJhbGciOiJIUzI1NiJ9.eyJuYW1lIjoiTkFNQSAyIiwiaWRfdXNlciI6IjM3MzY4MSIsInJtX251bWJlciI6ImFkbWluIiwicnNfa2V5IjoiQTEyMyIsImlwX2FkZHJlc3MiOiIxMjcuMC4xLjEiLCJhY2Nlc3MiOiJ1c2VyIn0.ubW6fyc7ErYOW2T5qFbjXvLIVTLp05s3A0paQ6wfcmo",
						"type": "text"
					}
				],
				"url": {
					"raw": "http://localhost/ci_aljuni/server/laporan_861?jenis_periode=0&periode_start=2020-01-23&periode_end=2020-06-30&id_ref_payment=15",
					"protocol": "http",
					"host": [
						"localhost"
					],
					"path": [
						"ci_aljuni",
						"server",
						"laporan_861"
					],
					"query": [
						{
							"key": "jenis_periode",
							"value": "0"
						},
						{
							"key": "periode_start",
							"value": "2020-01-23"
						},
						{
							"key": "periode_end",
							"value": "2020-06-30"
						},
						{
							"key": "id_ref_payment",
							"value": "15"
						}
					]
				}
			},
			"response": [
				{
					"name": "Laporan Biaya Admin",
					"originalRequest": {
						"method": "GET",
						"header": [
							{
								"key": "x-token",
								"value": "eyJ0eXAiOiJKV1QiLCJhbGciOiJIUzI1NiJ9.eyJuYW1lIjoiTkFNQSAyIiwiaWRfdXNlciI6IjM3MzY4MSIsInJtX251bWJlciI6ImFkbWluIiwicnNfa2V5IjoiQTEyMyIsImlwX2FkZHJlc3MiOiIxMjcuMC4xLjEiLCJhY2Nlc3MiOiJ1c2VyIn0.ubW6fyc7ErYOW2T5qFbjXvLIVTLp05s3A0paQ6wfcmo",
								"type": "text"
							}
						],
						"url": {
							"raw": "http://localhost/ci_aljuni/server/laporan_861?jenis_periode=0&periode_start=2020-01-23&periode_end=2020-06-30&id_ref_payment=15",
							"protocol": "http",
							"host": [
								"localhost"
							],
							"path": [
								"ci_aljuni",
								"server",
								"laporan_861"
							],
							"query": [
								{
									"key": "jenis_periode",
									"value": "0"
								},
								{
									"key": "periode_start",
									"value": "2020-01-23"
								},
								{
									"key": "periode_end",
									"value": "2020-06-30"
								},
								{
									"key": "id_ref_payment",
									"value": "15"
								}
							]
						}
					},
					"status": "OK",
					"code": 200,
					"_postman_previewlanguage": "json",
					"header": [
						{
							"key": "Date",
							"value": "Sun, 14 Jun 2020 17:49:06 GMT"
						},
						{
							"key": "Server",
							"value": "Apache/2.4.43 (Win64) OpenSSL/1.1.1g PHP/7.3.17"
						},
						{
							"key": "X-Powered-By",
							"value": "PHP/7.3.17"
						},
						{
							"key": "Access-Control-Allow-Origin",
							"value": "*"
						},
						{
							"key": "Access-Control-Allow-Headers",
							"value": "Content-Type, Content-Length, Accept-Encoding, x-token"
						},
						{
							"key": "Access-Control-Allow-Methods",
							"value": "GET, POST, OPTIONS, PUT, DELETE"
						},
						{
							"key": "Content-Length",
							"value": "1383"
						},
						{
							"key": "Keep-Alive",
							"value": "timeout=5, max=100"
						},
						{
							"key": "Connection",
							"value": "Keep-Alive"
						},
						{
							"key": "Content-Type",
							"value": "application/json; charset=utf-8"
						}
					],
					"cookie": [],
					"body": "{\n    \"status\": 200,\n    \"message\": \"Berhasil mendapatkan data.\",\n    \"total_data\": {\n        \"record_total\": 8,\n        \"record_filter\": 8,\n        \"total_biaya_admin\": 375674\n    },\n    \"data\": [\n        {\n            \"id_reg\": \"3964\",\n            \"no_reg\": \"REG/3964/2020/06/12/28\",\n            \"nama_pasien\": \"ANGELINE\",\n            \"biaya_admin\": \"276924\",\n            \"id_ref_payment\": \"15\",\n            \"nama_ref_paymen\": \"ASEI\"\n        },\n        {\n            \"id_reg\": \"3964\",\n            \"no_reg\": \"REG/3964/2020/06/12/28\",\n            \"nama_pasien\": \"ANGELINE\",\n            \"biaya_admin\": \"22800\",\n            \"id_ref_payment\": \"15\",\n            \"nama_ref_paymen\": \"ASEI\"\n        },\n        {\n            \"id_reg\": \"3964\",\n            \"no_reg\": \"REG/3964/2020/06/12/28\",\n            \"nama_pasien\": \"ANGELINE\",\n            \"biaya_admin\": \"62700\",\n            \"id_ref_payment\": \"15\",\n            \"nama_ref_paymen\": \"ASEI\"\n        },\n        {\n            \"id_reg\": \"3964\",\n            \"no_reg\": \"REG/3964/2020/06/12/28\",\n            \"nama_pasien\": \"ANGELINE\",\n            \"biaya_admin\": \"9900\",\n            \"id_ref_payment\": \"15\",\n            \"nama_ref_paymen\": \"ASEI\"\n        },\n        {\n            \"id_reg\": \"3968\",\n            \"no_reg\": \"REG/3968/2020/06/12/32\",\n            \"nama_pasien\": \"Candra Aji Pangestu\",\n            \"biaya_admin\": \"900\",\n            \"id_ref_payment\": \"15\",\n            \"nama_ref_paymen\": \"ASEI\"\n        },\n        {\n            \"id_reg\": \"3968\",\n            \"no_reg\": \"REG/3968/2020/06/12/32\",\n            \"nama_pasien\": \"Candra Aji Pangestu\",\n            \"biaya_admin\": \"1200\",\n            \"id_ref_payment\": \"15\",\n            \"nama_ref_paymen\": \"ASEI\"\n        },\n        {\n            \"id_reg\": \"3968\",\n            \"no_reg\": \"REG/3968/2020/06/12/32\",\n            \"nama_pasien\": \"Candra Aji Pangestu\",\n            \"biaya_admin\": \"1250\",\n            \"id_ref_payment\": \"15\",\n            \"nama_ref_paymen\": \"ASEI\"\n        },\n        {\n            \"id_reg\": \"3968\",\n            \"no_reg\": \"REG/3968/2020/06/12/32\",\n            \"nama_pasien\": \"Candra Aji Pangestu\",\n            \"biaya_admin\": \"0\",\n            \"id_ref_payment\": \"15\",\n            \"nama_ref_paymen\": \"ASEI\"\n        }\n    ]\n}"
				}
			]
		},
		{
			"name": "Laporan Biaya Racik",
			"request": {
				"method": "GET",
				"header": [
					{
						"key": "x-token",
						"value": "eyJ0eXAiOiJKV1QiLCJhbGciOiJIUzI1NiJ9.eyJuYW1lIjoiTkFNQSAyIiwiaWRfdXNlciI6IjM3MzY4MSIsInJtX251bWJlciI6ImFkbWluIiwicnNfa2V5IjoiQTEyMyIsImlwX2FkZHJlc3MiOiIxMjcuMC4xLjEiLCJhY2Nlc3MiOiJ1c2VyIn0.ubW6fyc7ErYOW2T5qFbjXvLIVTLp05s3A0paQ6wfcmo",
						"type": "text"
					}
				],
				"url": {
					"raw": "http://localhost/ci_aljuni/server/laporan_862?jenis_periode=0&periode_start=2020-01-23&periode_end=2020-06-30&id_ref_payment=15",
					"protocol": "http",
					"host": [
						"localhost"
					],
					"path": [
						"ci_aljuni",
						"server",
						"laporan_862"
					],
					"query": [
						{
							"key": "jenis_periode",
							"value": "0"
						},
						{
							"key": "periode_start",
							"value": "2020-01-23"
						},
						{
							"key": "periode_end",
							"value": "2020-06-30"
						},
						{
							"key": "id_ref_payment",
							"value": "15"
						}
					]
				}
			},
			"response": [
				{
					"name": "Laporan Biaya Racik",
					"originalRequest": {
						"method": "GET",
						"header": [
							{
								"key": "x-token",
								"value": "eyJ0eXAiOiJKV1QiLCJhbGciOiJIUzI1NiJ9.eyJuYW1lIjoiTkFNQSAyIiwiaWRfdXNlciI6IjM3MzY4MSIsInJtX251bWJlciI6ImFkbWluIiwicnNfa2V5IjoiQTEyMyIsImlwX2FkZHJlc3MiOiIxMjcuMC4xLjEiLCJhY2Nlc3MiOiJ1c2VyIn0.ubW6fyc7ErYOW2T5qFbjXvLIVTLp05s3A0paQ6wfcmo",
								"type": "text"
							}
						],
						"url": {
							"raw": "http://localhost/ci_aljuni/server/laporan_862?jenis_periode=0&periode_start=2020-01-23&periode_end=2020-06-30&id_ref_payment=15",
							"protocol": "http",
							"host": [
								"localhost"
							],
							"path": [
								"ci_aljuni",
								"server",
								"laporan_862"
							],
							"query": [
								{
									"key": "jenis_periode",
									"value": "0"
								},
								{
									"key": "periode_start",
									"value": "2020-01-23"
								},
								{
									"key": "periode_end",
									"value": "2020-06-30"
								},
								{
									"key": "id_ref_payment",
									"value": "15"
								}
							]
						}
					},
					"status": "OK",
					"code": 200,
					"_postman_previewlanguage": "json",
					"header": [
						{
							"key": "Date",
							"value": "Sun, 14 Jun 2020 17:48:41 GMT"
						},
						{
							"key": "Server",
							"value": "Apache/2.4.43 (Win64) OpenSSL/1.1.1g PHP/7.3.17"
						},
						{
							"key": "X-Powered-By",
							"value": "PHP/7.3.17"
						},
						{
							"key": "Access-Control-Allow-Origin",
							"value": "*"
						},
						{
							"key": "Access-Control-Allow-Headers",
							"value": "Content-Type, Content-Length, Accept-Encoding, x-token"
						},
						{
							"key": "Access-Control-Allow-Methods",
							"value": "GET, POST, OPTIONS, PUT, DELETE"
						},
						{
							"key": "Content-Length",
							"value": "1232"
						},
						{
							"key": "Keep-Alive",
							"value": "timeout=5, max=100"
						},
						{
							"key": "Connection",
							"value": "Keep-Alive"
						},
						{
							"key": "Content-Type",
							"value": "application/json; charset=utf-8"
						}
					],
					"cookie": [],
					"body": "{\n    \"status\": 200,\n    \"message\": \"Berhasil mendapatkan data.\",\n    \"total_data\": {\n        \"record_total\": 10,\n        \"record_filter\": 7,\n        \"total_biaya_racikan\": 1500\n    },\n    \"data\": [\n        {\n            \"id_reg\": \"3964\",\n            \"no_reg\": \"REG/3964/2020/06/12/28\",\n            \"nama_pasien\": \"ANGELINE\",\n            \"id_ref_payment\": \"15\",\n            \"nama_ref_payment\": \"ASEI\",\n            \"biaya_racikan\": null\n        },\n        {\n            \"id_reg\": \"3964\",\n            \"no_reg\": \"REG/3964/2020/06/12/28\",\n            \"nama_pasien\": \"ANGELINE\",\n            \"id_ref_payment\": \"15\",\n            \"nama_ref_payment\": \"ASEI\",\n            \"biaya_racikan\": null\n        },\n        {\n            \"id_reg\": \"3964\",\n            \"no_reg\": \"REG/3964/2020/06/12/28\",\n            \"nama_pasien\": \"ANGELINE\",\n            \"id_ref_payment\": \"15\",\n            \"nama_ref_payment\": \"ASEI\",\n            \"biaya_racikan\": \"750\"\n        },\n        {\n            \"id_reg\": \"3964\",\n            \"no_reg\": \"REG/3964/2020/06/12/28\",\n            \"nama_pasien\": \"ANGELINE\",\n            \"id_ref_payment\": \"15\",\n            \"nama_ref_payment\": \"ASEI\",\n            \"biaya_racikan\": null\n        },\n        {\n            \"id_reg\": \"3968\",\n            \"no_reg\": \"REG/3968/2020/06/12/32\",\n            \"nama_pasien\": \"Candra Aji Pangestu\",\n            \"id_ref_payment\": \"15\",\n            \"nama_ref_payment\": \"ASEI\",\n            \"biaya_racikan\": null\n        },\n        {\n            \"id_reg\": \"3968\",\n            \"no_reg\": \"REG/3968/2020/06/12/32\",\n            \"nama_pasien\": \"Candra Aji Pangestu\",\n            \"id_ref_payment\": \"15\",\n            \"nama_ref_payment\": \"ASEI\",\n            \"biaya_racikan\": null\n        },\n        {\n            \"id_reg\": \"3968\",\n            \"no_reg\": \"REG/3968/2020/06/12/32\",\n            \"nama_pasien\": \"Candra Aji Pangestu\",\n            \"id_ref_payment\": \"15\",\n            \"nama_ref_payment\": \"ASEI\",\n            \"biaya_racikan\": \"750\"\n        }\n    ]\n}"
				}
			]
		}
	],
	"protocolProfileBehavior": {}
}